[{"model": "admin.logentry", "pk": 1, "fields": {"action_time": "2022-01-07T19:31:41.525Z", "user": 1, "content_type": 11, "object_id": "2", "object_repr": "Tom@email.com", "action_flag": 1, "change_message": "[{\"added\": {}}]"}}, {"model": "admin.logentry", "pk": 2, "fields": {"action_time": "2022-01-07T19:32:13.348Z", "user": 1, "content_type": 11, "object_id": "3", "object_repr": "Jane@email.com", "action_flag": 1, "change_message": "[{\"added\": {}}]"}}, {"model": "admin.logentry", "pk": 3, "fields": {"action_time": "2022-01-07T19:32:55.467Z", "user": 1, "content_type": 11, "object_id": "4", "object_repr": "neo@matrix.com", "action_flag": 1, "change_message": "[{\"added\": {}}]"}}, {"model": "admin.logentry", "pk": 4, "fields": {"action_time": "2022-01-07T19:37:15.771Z", "user": 1, "content_type": 9, "object_id": "1", "object_repr": "HTML manual", "action_flag": 1, "change_message": "[{\"added\": {}}]"}}, {"model": "admin.logentry", "pk": 5, "fields": {"action_time": "2022-01-07T19:38:44.281Z", "user": 1, "content_type": 9, "object_id": "2", "object_repr": "Netology Grow", "action_flag": 1, "change_message": "[{\"added\": {}}]"}}, {"model": "admin.logentry", "pk": 6, "fields": {"action_time": "2022-01-07T19:39:41.139Z", "user": 1, "content_type": 9, "object_id": "3", "object_repr": "bootstrap image", "action_flag": 1, "change_message": "[{\"added\": {}}]"}}, {"model": "admin.logentry", "pk": 7, "fields": {"action_time": "2022-01-07T19:42:38.880Z", "user": 1, "content_type": 9, "object_id": "4", "object_repr": "Python tutorial", "action_flag": 1, "change_message": "[{\"added\": {}}]"}}, {"model": "admin.logentry", "pk": 8, "fields": {"action_time": "2022-01-07T19:43:32.757Z", "user": 1, "content_type": 9, "object_id": "5", "object_repr": "Bootstrap manual", "action_flag": 1, "change_message": "[{\"added\": {}}]"}}, {"model": "admin.logentry", "pk": 9, "fields": {"action_time": "2022-01-07T19:44:42.650Z", "user": 1, "content_type": 6, "object_id": "1", "object_repr": "Html for beginners", "action_flag": 1, "change_message": "[{\"added\": {}}]"}}, {"model": "admin.logentry", "pk": 10, "fields": {"action_time": "2022-01-07T19:46:23.421Z", "user": 1, "content_type": 9, "object_id": "6", "object_repr": "Docker manual", "action_flag": 1, "change_message": "[{\"added\": {}}]"}}, {"model": "admin.logentry", "pk": 11, "fields": {"action_time": "2022-01-07T19:47:51.024Z", "user": 1, "content_type": 6, "object_id": "2", "object_repr": "Python for beginners", "action_flag": 1, "change_message": "[{\"added\": {}}]"}}, {"model": "admin.logentry", "pk": 12, "fields": {"action_time": "2022-01-07T19:48:40.402Z", "user": 1, "content_type": 6, "object_id": "3", "object_repr": "Docker", "action_flag": 1, "change_message": "[{\"added\": {}}]"}}, {"model": "admin.logentry", "pk": 13, "fields": {"action_time": "2022-01-07T19:50:24.601Z", "user": 1, "content_type": 6, "object_id": "4", "object_repr": "Bootstrap 5", "action_flag": 1, "change_message": "[{\"added\": {}}]"}}, {"model": "admin.logentry", "pk": 14, "fields": {"action_time": "2022-01-07T19:51:33.918Z", "user": 1, "content_type": 10, "object_id": "1", "object_repr": "Course Python for beginners for Tom@email.com", "action_flag": 1, "change_message": "[{\"added\": {}}]"}}, {"model": "admin.logentry", "pk": 15, "fields": {"action_time": "2022-01-07T19:51:39.856Z", "user": 1, "content_type": 10, "object_id": "2", "object_repr": "Course Python for beginners for Tom@email.com", "action_flag": 1, "change_message": "[{\"added\": {}}]"}}, {"model": "admin.logentry", "pk": 16, "fields": {"action_time": "2022-01-07T19:51:45.622Z", "user": 1, "content_type": 10, "object_id": "3", "object_repr": "Course Docker for Tom@email.com", "action_flag": 1, "change_message": "[{\"added\": {}}]"}}, {"model": "admin.logentry", "pk": 17, "fields": {"action_time": "2022-01-07T19:51:53.845Z", "user": 1, "content_type": 10, "object_id": "4", "object_repr": "Course Bootstrap 5 for Tom@email.com", "action_flag": 1, "change_message": "[{\"added\": {}}]"}}, {"model": "admin.logentry", "pk": 18, "fields": {"action_time": "2022-01-07T19:51:59.202Z", "user": 1, "content_type": 10, "object_id": "5", "object_repr": "Course Html for beginners for Jane@email.com", "action_flag": 1, "change_message": "[{\"added\": {}}]"}}, {"model": "admin.logentry", "pk": 19, "fields": {"action_time": "2022-01-07T19:52:06.424Z", "user": 1, "content_type": 10, "object_id": "6", "object_repr": "Course Python for beginners for neo@matrix.com", "action_flag": 1, "change_message": "[{\"added\": {}}]"}}, {"model": "admin.logentry", "pk": 20, "fields": {"action_time": "2022-01-07T19:52:14.662Z", "user": 1, "content_type": 10, "object_id": "7", "object_repr": "Course Html for beginners for neo@matrix.com", "action_flag": 1, "change_message": "[{\"added\": {}}]"}}, {"model": "admin.logentry", "pk": 21, "fields": {"action_time": "2022-01-07T19:59:34.765Z", "user": 1, "content_type": 11, "object_id": "4", "object_repr": "neo@matrix.com", "action_flag": 2, "change_message": "[{\"changed\": {\"fields\": [\"Password\"]}}]"}}, {"model": "admin.logentry", "pk": 22, "fields": {"action_time": "2022-01-07T19:59:45.998Z", "user": 1, "content_type": 11, "object_id": "3", "object_repr": "Jane@email.com", "action_flag": 2, "change_message": "[{\"changed\": {\"fields\": [\"Password\"]}}]"}}, {"model": "admin.logentry", "pk": 23, "fields": {"action_time": "2022-01-08T14:51:49.095Z", "user": 1, "content_type": 8, "object_id": "5", "object_repr": "CourseComment object (5)", "action_flag": 1, "change_message": "[{\"added\": {}}]"}}, {"model": "admin.logentry", "pk": 24, "fields": {"action_time": "2022-01-08T14:52:21.643Z", "user": 1, "content_type": 8, "object_id": "6", "object_repr": "CourseComment object (6)", "action_flag": 1, "change_message": "[{\"added\": {}}]"}}, {"model": "admin.logentry", "pk": 25, "fields": {"action_time": "2022-01-08T14:52:58.325Z", "user": 1, "content_type": 8, "object_id": "7", "object_repr": "CourseComment object (7)", "action_flag": 1, "change_message": "[{\"added\": {}}]"}}, {"model": "admin.logentry", "pk": 26, "fields": {"action_time": "2022-01-08T14:53:38.523Z", "user": 1, "content_type": 8, "object_id": "8", "object_repr": "CourseComment object (8)", "action_flag": 1, "change_message": "[{\"added\": {}}]"}}, {"model": "admin.logentry", "pk": 27, "fields": {"action_time": "2022-01-09T19:13:15.228Z", "user": 1, "content_type": 7, "object_id": "1", "object_repr": "CourseAssessment object (1)", "action_flag": 1, "change_message": "[{\"added\": {}}]"}}, {"model": "admin.logentry", "pk": 28, "fields": {"action_time": "2022-01-09T19:13:26.011Z", "user": 1, "content_type": 7, "object_id": "2", "object_repr": "CourseAssessment object (2)", "action_flag": 1, "change_message": "[{\"added\": {}}]"}}, {"model": "admin.logentry", "pk": 29, "fields": {"action_time": "2022-01-09T19:13:40.023Z", "user": 1, "content_type": 7, "object_id": "3", "object_repr": "CourseAssessment object (3)", "action_flag": 1, "change_message": "[{\"added\": {}}]"}}, {"model": "admin.logentry", "pk": 30, "fields": {"action_time": "2022-01-09T19:13:57.280Z", "user": 1, "content_type": 7, "object_id": "4", "object_repr": "CourseAssessment object (4)", "action_flag": 1, "change_message": "[{\"added\": {}}]"}}, {"model": "auth.permission", "pk": 1, "fields": {"name": "Can add log entry", "content_type": 1, "codename": "add_logentry"}}, {"model": "auth.permission", "pk": 2, "fields": {"name": "Can change log entry", "content_type": 1, "codename": "change_logentry"}}, {"model": "auth.permission", "pk": 3, "fields": {"name": "Can delete log entry", "content_type": 1, "codename": "delete_logentry"}}, {"model": "auth.permission", "pk": 4, "fields": {"name": "Can view log entry", "content_type": 1, "codename": "view_logentry"}}, {"model": "auth.permission", "pk": 5, "fields": {"name": "Can add permission", "content_type": 2, "codename": "add_permission"}}, {"model": "auth.permission", "pk": 6, "fields": {"name": "Can change permission", "content_type": 2, "codename": "change_permission"}}, {"model": "auth.permission", "pk": 7, "fields": {"name": "Can delete permission", "content_type": 2, "codename": "delete_permission"}}, {"model": "auth.permission", "pk": 8, "fields": {"name": "Can view permission", "content_type": 2, "codename": "view_permission"}}, {"model": "auth.permission", "pk": 9, "fields": {"name": "Can add group", "content_type": 3, "codename": "add_group"}}, {"model": "auth.permission", "pk": 10, "fields": {"name": "Can change group", "content_type": 3, "codename": "change_group"}}, {"model": "auth.permission", "pk": 11, "fields": {"name": "Can delete group", "content_type": 3, "codename": "delete_group"}}, {"model": "auth.permission", "pk": 12, "fields": {"name": "Can view group", "content_type": 3, "codename": "view_group"}}, {"model": "auth.permission", "pk": 13, "fields": {"name": "Can add content type", "content_type": 4, "codename": "add_contenttype"}}, {"model": "auth.permission", "pk": 14, "fields": {"name": "Can change content type", "content_type": 4, "codename": "change_contenttype"}}, {"model": "auth.permission", "pk": 15, "fields": {"name": "Can delete content type", "content_type": 4, "codename": "delete_contenttype"}}, {"model": "auth.permission", "pk": 16, "fields": {"name": "Can view content type", "content_type": 4, "codename": "view_contenttype"}}, {"model": "auth.permission", "pk": 17, "fields": {"name": "Can add session", "content_type": 5, "codename": "add_session"}}, {"model": "auth.permission", "pk": 18, "fields": {"name": "Can change session", "content_type": 5, "codename": "change_session"}}, {"model": "auth.permission", "pk": 19, "fields": {"name": "Can delete session", "content_type": 5, "codename": "delete_session"}}, {"model": "auth.permission", "pk": 20, "fields": {"name": "Can view session", "content_type": 5, "codename": "view_session"}}, {"model": "auth.permission", "pk": 21, "fields": {"name": "Can add Course", "content_type": 6, "codename": "add_course"}}, {"model": "auth.permission", "pk": 22, "fields": {"name": "Can change Course", "content_type": 6, "codename": "change_course"}}, {"model": "auth.permission", "pk": 23, "fields": {"name": "Can delete Course", "content_type": 6, "codename": "delete_course"}}, {"model": "auth.permission", "pk": 24, "fields": {"name": "Can view Course", "content_type": 6, "codename": "view_course"}}, {"model": "auth.permission", "pk": 25, "fields": {"name": "Can add assessment", "content_type": 7, "codename": "add_courseassessment"}}, {"model": "auth.permission", "pk": 26, "fields": {"name": "Can change assessment", "content_type": 7, "codename": "change_courseassessment"}}, {"model": "auth.permission", "pk": 27, "fields": {"name": "Can delete assessment", "content_type": 7, "codename": "delete_courseassessment"}}, {"model": "auth.permission", "pk": 28, "fields": {"name": "Can view assessment", "content_type": 7, "codename": "view_courseassessment"}}, {"model": "auth.permission", "pk": 29, "fields": {"name": "Can add comment", "content_type": 8, "codename": "add_coursecomment"}}, {"model": "auth.permission", "pk": 30, "fields": {"name": "Can change comment", "content_type": 8, "codename": "change_coursecomment"}}, {"model": "auth.permission", "pk": 31, "fields": {"name": "Can delete comment", "content_type": 8, "codename": "delete_coursecomment"}}, {"model": "auth.permission", "pk": 32, "fields": {"name": "Can view comment", "content_type": 8, "codename": "view_coursecomment"}}, {"model": "auth.permission", "pk": 33, "fields": {"name": "Can add Material", "content_type": 9, "codename": "add_materials"}}, {"model": "auth.permission", "pk": 34, "fields": {"name": "Can change Material", "content_type": 9, "codename": "change_materials"}}, {"model": "auth.permission", "pk": 35, "fields": {"name": "Can delete Material", "content_type": 9, "codename": "delete_materials"}}, {"model": "auth.permission", "pk": 36, "fields": {"name": "Can view Material", "content_type": 9, "codename": "view_materials"}}, {"model": "auth.permission", "pk": 37, "fields": {"name": "Can add program", "content_type": 10, "codename": "add_educationalprogram"}}, {"model": "auth.permission", "pk": 38, "fields": {"name": "Can change program", "content_type": 10, "codename": "change_educationalprogram"}}, {"model": "auth.permission", "pk": 39, "fields": {"name": "Can delete program", "content_type": 10, "codename": "delete_educationalprogram"}}, {"model": "auth.permission", "pk": 40, "fields": {"name": "Can view program", "content_type": 10, "codename": "view_educationalprogram"}}, {"model": "auth.permission", "pk": 41, "fields": {"name": "Can add User", "content_type": 11, "codename": "add_user"}}, {"model": "auth.permission", "pk": 42, "fields": {"name": "Can change User", "content_type": 11, "codename": "change_user"}}, {"model": "auth.permission", "pk": 43, "fields": {"name": "Can delete User", "content_type": 11, "codename": "delete_user"}}, {"model": "auth.permission", "pk": 44, "fields": {"name": "Can view User", "content_type": 11, "codename": "view_user"}}, {"model": "auth.permission", "pk": 45, "fields": {"name": "Can add source", "content_type": 12, "codename": "add_source"}}, {"model": "auth.permission", "pk": 46, "fields": {"name": "Can change source", "content_type": 12, "codename": "change_source"}}, {"model": "auth.permission", "pk": 47, "fields": {"name": "Can delete source", "content_type": 12, "codename": "delete_source"}}, {"model": "auth.permission", "pk": 48, "fields": {"name": "Can view source", "content_type": 12, "codename": "view_source"}}, {"model": "auth.permission", "pk": 49, "fields": {"name": "Can add thumbnail", "content_type": 13, "codename": "add_thumbnail"}}, {"model": "auth.permission", "pk": 50, "fields": {"name": "Can change thumbnail", "content_type": 13, "codename": "change_thumbnail"}}, {"model": "auth.permission", "pk": 51, "fields": {"name": "Can delete thumbnail", "content_type": 13, "codename": "delete_thumbnail"}}, {"model": "auth.permission", "pk": 52, "fields": {"name": "Can view thumbnail", "content_type": 13, "codename": "view_thumbnail"}}, {"model": "auth.permission", "pk": 53, "fields": {"name": "Can add thumbnail dimensions", "content_type": 14, "codename": "add_thumbnaildimensions"}}, {"model": "auth.permission", "pk": 54, "fields": {"name": "Can change thumbnail dimensions", "content_type": 14, "codename": "change_thumbnaildimensions"}}, {"model": "auth.permission", "pk": 55, "fields": {"name": "Can delete thumbnail dimensions", "content_type": 14, "codename": "delete_thumbnaildimensions"}}, {"model": "auth.permission", "pk": 56, "fields": {"name": "Can view thumbnail dimensions", "content_type": 14, "codename": "view_thumbnaildimensions"}}, {"model": "contenttypes.contenttype", "pk": 1, "fields": {"app_label": "admin", "model": "logentry"}}, {"model": "contenttypes.contenttype", "pk": 2, "fields": {"app_label": "auth", "model": "permission"}}, {"model": "contenttypes.contenttype", "pk": 3, "fields": {"app_label": "auth", "model": "group"}}, {"model": "contenttypes.contenttype", "pk": 4, "fields": {"app_label": "contenttypes", "model": "contenttype"}}, {"model": "contenttypes.contenttype", "pk": 5, "fields": {"app_label": "sessions", "model": "session"}}, {"model": "contenttypes.contenttype", "pk": 6, "fields": {"app_label": "courses", "model": "course"}}, {"model": "contenttypes.contenttype", "pk": 7, "fields": {"app_label": "courses", "model": "courseassessment"}}, {"model": "contenttypes.contenttype", "pk": 8, "fields": {"app_label": "courses", "model": "coursecomment"}}, {"model": "contenttypes.contenttype", "pk": 9, "fields": {"app_label": "courses", "model": "materials"}}, {"model": "contenttypes.contenttype", "pk": 10, "fields": {"app_label": "courses", "model": "educationalprogram"}}, {"model": "contenttypes.contenttype", "pk": 11, "fields": {"app_label": "main", "model": "user"}}, {"model": "contenttypes.contenttype", "pk": 12, "fields": {"app_label": "easy_thumbnails", "model": "source"}}, {"model": "contenttypes.contenttype", "pk": 13, "fields": {"app_label": "easy_thumbnails", "model": "thumbnail"}}, {"model": "contenttypes.contenttype", "pk": 14, "fields": {"app_label": "easy_thumbnails", "model": "thumbnaildimensions"}}, {"model": "courses.course", "pk": 1, "fields": {"name": "Html for beginners", "description": "Simple course for beginners", "url": "https://html-for-begginers.net", "image_files": "pdf_files/2022-01-07/locating-web-elements-selenium.jpg", "course_owner": 1, "material": [3, 1]}}, {"model": "courses.course", "pk": 2, "fields": {"name": "Python for beginners", "description": "Simple course\r\nFull Tutorial", "url": "https://docs.python.org/3/tutorial/", "image_files": "pdf_files/2022-01-07/Python-Tutorial1.png", "course_owner": 1, "material": [4]}}, {"model": "courses.course", "pk": 3, "fields": {"name": "Docker", "description": "Course for web", "url": "https://www.docker.com/", "image_files": "pdf_files/2022-01-07/docker.jpg", "course_owner": 1, "material": [6, 3]}}, {"model": "courses.course", "pk": 4, "fields": {"name": "Bootstrap 5", "description": "Most popular language for web develope.\r\nContains HTML and CSS", "url": "https://bootstrap5.ru/", "image_files": "pdf_files/2022-01-07/bootstrap.jpg", "course_owner": 1, "material": [5, 3]}}, {"model": "courses.course", "pk": 5, "fields": {"name": "JavaScript", "description": "Добро пожаловать на курс MDN JavaScript для начинающих! В первой статье курса мы дадим базовое определение JavaScript, ответим на вопросы «Что такое JavaScript?» и «Что он делает?», узнаем как работает JavaScript и как добавить его на веб-страницу.", "url": "https://developer.mozilla.org/ru/docs/Learn/JavaScript/First_steps/What_is_JavaScript", "image_files": "pdf_files/2022-01-09/JavaScript-1.jpg", "course_owner": 2, "material": [5]}}, {"model": "courses.materials", "pk": 1, "fields": {"created_at": "2022-01-07T19:37:15.669Z", "updated_at": "2022-01-07T19:37:15.669Z", "name": "HTML manual", "description": "Instructions for html", "material": "materials/2022-01-07/HTML_manual_part_1-2.pdf"}}, {"model": "courses.materials", "pk": 2, "fields": {"created_at": "2022-01-07T19:38:44.273Z", "updated_at": "2022-01-07T19:38:44.273Z", "name": "Netology Grow", "description": "Schema for course", "material": "materials/2022-01-07/Netology_Grow.png"}}, {"model": "courses.materials", "pk": 3, "fields": {"created_at": "2022-01-07T19:39:41.130Z", "updated_at": "2022-01-07T19:39:41.130Z", "name": "bootstrap image", "description": "bootstrap image for view", "material": "materials/2022-01-07/bootstrap.jpg"}}, {"model": "courses.materials", "pk": 4, "fields": {"created_at": "2022-01-07T19:42:38.866Z", "updated_at": "2022-01-07T19:42:38.866Z", "name": "Python tutorial", "description": "Material for students.\r\nPython 3 for begginers", "material": "materials/2022-01-07/img5_Complex_quality_indicators.png"}}, {"model": "courses.materials", "pk": 5, "fields": {"created_at": "2022-01-07T19:43:32.747Z", "updated_at": "2022-01-07T19:43:32.747Z", "name": "Bootstrap manual", "description": "Bottstrap language for web dewelopers.\r\nPart 1 - Setup", "material": "materials/2022-01-07/bootstrap_setup.txt"}}, {"model": "courses.materials", "pk": 6, "fields": {"created_at": "2022-01-07T19:46:23.410Z", "updated_at": "2022-01-07T19:46:23.410Z", "name": "Docker manual", "description": "", "material": "materials/2022-01-07/bootstrap_setup_YnOuDUt.txt"}}, {"model": "courses.materials", "pk": 7, "fields": {"created_at": "2022-01-09T13:49:26.638Z", "updated_at": "2022-01-09T13:49:26.638Z", "name": "JavaScriptImage-1", "description": null, "material": "materials/2022-01-09/JavaScript-1.jpg"}}, {"model": "courses.educationalprogram", "pk": 1, "fields": {"created_at": "2022-01-07T19:51:33.907Z", "updated_at": "2022-01-07T19:51:33.907Z", "student": 2, "course": 2}}, {"model": "courses.educationalprogram", "pk": 2, "fields": {"created_at": "2022-01-07T19:51:39.849Z", "updated_at": "2022-01-07T19:51:39.849Z", "student": 2, "course": 2}}, {"model": "courses.educationalprogram", "pk": 3, "fields": {"created_at": "2022-01-07T19:51:45.619Z", "updated_at": "2022-01-07T19:51:45.619Z", "student": 2, "course": 3}}, {"model": "courses.educationalprogram", "pk": 4, "fields": {"created_at": "2022-01-07T19:51:53.842Z", "updated_at": "2022-01-07T19:51:53.842Z", "student": 2, "course": 4}}, {"model": "courses.educationalprogram", "pk": 5, "fields": {"created_at": "2022-01-07T19:51:59.197Z", "updated_at": "2022-01-07T19:51:59.197Z", "student": 3, "course": 1}}, {"model": "courses.educationalprogram", "pk": 6, "fields": {"created_at": "2022-01-07T19:52:06.420Z", "updated_at": "2022-01-07T19:52:06.420Z", "student": 4, "course": 2}}, {"model": "courses.educationalprogram", "pk": 7, "fields": {"created_at": "2022-01-07T19:52:14.657Z", "updated_at": "2022-01-07T19:52:14.657Z", "student": 4, "course": 1}}, {"model": "courses.courseassessment", "pk": 1, "fields": {"created_at": "2022-01-09T19:13:15.220Z", "updated_at": "2022-01-09T19:13:15.220Z", "user": 2, "course": 1, "assessment": 2}}, {"model": "courses.courseassessment", "pk": 2, "fields": {"created_at": "2022-01-09T19:13:26.008Z", "updated_at": "2022-01-09T19:13:26.008Z", "user": 4, "course": 2, "assessment": 5}}, {"model": "courses.courseassessment", "pk": 3, "fields": {"created_at": "2022-01-09T19:13:40.019Z", "updated_at": "2022-01-09T19:13:40.019Z", "user": 2, "course": 3, "assessment": 3}}, {"model": "courses.courseassessment", "pk": 4, "fields": {"created_at": "2022-01-09T19:13:57.273Z", "updated_at": "2022-01-09T19:13:57.273Z", "user": 3, "course": 5, "assessment": 4}}, {"model": "courses.coursecomment", "pk": 5, "fields": {"created_at": "2022-01-08T14:51:49.087Z", "updated_at": "2022-01-08T14:51:49.087Z", "user": 2, "course": 1, "comment": "Too easy to me"}}, {"model": "courses.coursecomment", "pk": 6, "fields": {"created_at": "2022-01-08T14:52:21.640Z", "updated_at": "2022-01-08T14:52:21.640Z", "user": 4, "course": 2, "comment": "Thanks author"}}, {"model": "courses.coursecomment", "pk": 7, "fields": {"created_at": "2022-01-08T14:52:58.319Z", "updated_at": "2022-01-08T14:52:58.319Z", "user": 2, "course": 3, "comment": "Realy interesting course"}}, {"model": "courses.coursecomment", "pk": 8, "fields": {"created_at": "2022-01-08T14:53:38.520Z", "updated_at": "2022-01-08T14:53:38.520Z", "user": 3, "course": 1, "comment": "Nothing useful"}}, {"model": "main.user", "pk": 1, "fields": {"password": "pbkdf2_sha256$260000$KKEUlxP84qLZ5QCMr4YgsW$jVeUwKukSzh7dE9O5t+QYE8fkJVgki0Knrv0Ff3pKMA=", "last_login": "2022-01-09T19:12:54.269Z", "is_superuser": true, "first_name": "", "last_name": "", "is_staff": true, "date_joined": "2022-01-07T19:27:16.966Z", "email": "superuser@email.com", "username": "superuser", "is_active": true, "user_type": "STUDENT", "groups": [], "user_permissions": []}}, {"model": "main.user", "pk": 2, "fields": {"password": "pbkdf2_sha256$260000$RCnDryAOn2tMA00HCplcNE$LmmG+HTbuYiw80x4bT6I29QHYN//ObzNv0NzpnN2Nl8=", "last_login": "2022-01-09T20:05:16.428Z", "is_superuser": false, "first_name": "Tomas", "last_name": "Anderson", "is_staff": false, "date_joined": "2022-01-07T19:30:54Z", "email": "Tom@email.com", "username": "Tomas", "is_active": true, "user_type": "STUDENT", "groups": [], "user_permissions": []}}, {"model": "main.user", "pk": 3, "fields": {"password": "pbkdf2_sha256$260000$YBG2r4n24kTsDEDv9U9TbQ$0FhU8tltcT5cnn2E4KnaIbNo/Jh82zl31OISl1BQioo=", "last_login": "2022-01-07T20:00:10.187Z", "is_superuser": false, "first_name": "Jane", "last_name": "Smith", "is_staff": false, "date_joined": "2022-01-07T19:31:42Z", "email": "Jane@email.com", "username": "Jane", "is_active": true, "user_type": "STUDENT", "groups": [], "user_permissions": []}}, {"model": "main.user", "pk": 4, "fields": {"password": "pbkdf2_sha256$260000$dyES25NPNu6OgogULd7Sxh$bCfVBPwghdqIi90ZRGF2eHk1+xa6tc4S/PKIvSFTXjU=", "last_login": "2022-01-08T19:00:56.054Z", "is_superuser": false, "first_name": "Neo", "last_name": "Anderson", "is_staff": false, "date_joined": "2022-01-07T19:32:13Z", "email": "neo@matrix.com", "username": "neo_matrix", "is_active": true, "user_type": "STUDENT", "groups": [], "user_permissions": []}}, {"model": "easy_thumbnails.source", "pk": 1, "fields": {"storage_hash": "f9bde26a1556cd667f742bd34ec7c55e", "name": "pdf_files/2022-01-07/locating-web-elements-selenium.jpg", "modified": "2022-01-07T19:50:35.284Z"}}, {"model": "easy_thumbnails.source", "pk": 2, "fields": {"storage_hash": "f9bde26a1556cd667f742bd34ec7c55e", "name": "pdf_files/2022-01-07/Python-Tutorial1.png", "modified": "2022-01-07T19:50:35.454Z"}}, {"model": "easy_thumbnails.source", "pk": 3, "fields": {"storage_hash": "f9bde26a1556cd667f742bd34ec7c55e", "name": "pdf_files/2022-01-07/docker.jpg", "modified": "2022-01-07T19:50:35.528Z"}}, {"model": "easy_thumbnails.source", "pk": 4, "fields": {"storage_hash": "f9bde26a1556cd667f742bd34ec7c55e", "name": "pdf_files/2022-01-07/bootstrap.jpg", "modified": "2022-01-07T19:50:35.661Z"}}, {"model": "easy_thumbnails.source", "pk": 5, "fields": {"storage_hash": "f9bde26a1556cd667f742bd34ec7c55e", "name": "materials/2022-01-07/bootstrap.jpg", "modified": "2022-01-08T19:27:55.088Z"}}, {"model": "easy_thumbnails.source", "pk": 6, "fields": {"storage_hash": "f9bde26a1556cd667f742bd34ec7c55e", "name": "materials/2022-01-07/img5_Complex_quality_indicators.png", "modified": "2022-01-08T19:27:55.643Z"}}, {"model": "easy_thumbnails.source", "pk": 7, "fields": {"storage_hash": "f9bde26a1556cd667f742bd34ec7c55e", "name": "pdf_files/2022-01-09/JavaScript-1.jpg", "modified": "2022-01-09T13:49:52.544Z"}}, {"model": "easy_thumbnails.thumbnail", "pk": 1, "fields": {"storage_hash": "d26becbf46ac48eda79c7a39a13a02dd", "name": "thumbnails\\pdf_files/2022-01-07\\locating-web-elements-selenium.jpg.196x196_q85_crop-scale.jpg", "modified": "2022-01-07T19:50:35.305Z", "source": 1}}, {"model": "easy_thumbnails.thumbnail", "pk": 2, "fields": {"storage_hash": "d26becbf46ac48eda79c7a39a13a02dd", "name": "thumbnails\\pdf_files/2022-01-07\\Python-Tutorial1.png.196x196_q85_crop-scale.jpg", "modified": "2022-01-07T19:50:35.463Z", "source": 2}}, {"model": "easy_thumbnails.thumbnail", "pk": 3, "fields": {"storage_hash": "d26becbf46ac48eda79c7a39a13a02dd", "name": "thumbnails\\pdf_files/2022-01-07\\docker.jpg.196x196_q85_crop-scale.jpg", "modified": "2022-01-07T19:50:35.534Z", "source": 3}}, {"model": "easy_thumbnails.thumbnail", "pk": 4, "fields": {"storage_hash": "d26becbf46ac48eda79c7a39a13a02dd", "name": "thumbnails\\pdf_files/2022-01-07\\bootstrap.jpg.196x196_q85_crop-scale.jpg", "modified": "2022-01-07T19:50:35.759Z", "source": 4}}, {"model": "easy_thumbnails.thumbnail", "pk": 5, "fields": {"storage_hash": "d26becbf46ac48eda79c7a39a13a02dd", "name": "thumbnails\\materials/2022-01-07\\bootstrap.jpg.196x196_q85_crop-scale.jpg", "modified": "2022-01-08T19:27:55.173Z", "source": 5}}, {"model": "easy_thumbnails.thumbnail", "pk": 6, "fields": {"storage_hash": "d26becbf46ac48eda79c7a39a13a02dd", "name": "thumbnails\\materials/2022-01-07\\img5_Complex_quality_indicators.png.196x196_q85_crop-scale.jpg", "modified": "2022-01-08T19:27:55.649Z", "source": 6}}, {"model": "easy_thumbnails.thumbnail", "pk": 7, "fields": {"storage_hash": "d26becbf46ac48eda79c7a39a13a02dd", "name": "thumbnails\\pdf_files/2022-01-09\\JavaScript-1.jpg.196x196_q85_crop-scale.jpg", "modified": "2022-01-09T13:49:52.627Z", "source": 7}}]