[{"model": "admin.logentry", "pk": 1, "fields": {"action_time": "2021-08-29T15:05:34.093Z", "user": 3, "content_type": 6, "object_id": "2", "object_repr": "admin@email.com", "action_flag": 3, "change_message": ""}}, {"model": "admin.logentry", "pk": 2, "fields": {"action_time": "2021-08-29T15:05:34.278Z", "user": 3, "content_type": 6, "object_id": "1", "object_repr": "admin@admin.com", "action_flag": 3, "change_message": ""}}, {"model": "admin.logentry", "pk": 3, "fields": {"action_time": "2021-08-29T15:07:22.338Z", "user": 3, "content_type": 12, "object_id": "1", "object_repr": "Citilink", "action_flag": 1, "change_message": "[{\"added\": {}}]"}}, {"model": "admin.logentry", "pk": 4, "fields": {"action_time": "2021-08-29T15:09:44.381Z", "user": 3, "content_type": 6, "object_id": "4", "object_repr": "smith@email.com", "action_flag": 1, "change_message": "[{\"added\": {}}]"}}, {"model": "admin.logentry", "pk": 5, "fields": {"action_time": "2021-08-29T15:09:49.820Z", "user": 3, "content_type": 12, "object_id": "2", "object_repr": "tehnosila", "action_flag": 1, "change_message": "[{\"added\": {}}]"}}, {"model": "admin.logentry", "pk": 6, "fields": {"action_time": "2021-08-29T15:12:02.370Z", "user": 3, "content_type": 6, "object_id": "5", "object_repr": "a.khatway@email.com", "action_flag": 1, "change_message": "[{\"added\": {}}]"}}, {"model": "admin.logentry", "pk": 7, "fields": {"action_time": "2021-08-29T15:12:58.398Z", "user": 3, "content_type": 6, "object_id": "6", "object_repr": "sombody@email.com", "action_flag": 1, "change_message": "[{\"added\": {}}]"}}, {"model": "admin.logentry", "pk": 8, "fields": {"action_time": "2021-08-29T15:15:13.193Z", "user": 3, "content_type": 7, "object_id": "1", "object_repr": "Mobile", "action_flag": 1, "change_message": "[{\"added\": {}}]"}}, {"model": "admin.logentry", "pk": 9, "fields": {"action_time": "2021-08-29T15:16:32.076Z", "user": 3, "content_type": 7, "object_id": "2", "object_repr": "Kitchen_technics", "action_flag": 1, "change_message": "[{\"added\": {}}]"}}, {"model": "admin.logentry", "pk": 10, "fields": {"action_time": "2021-08-29T15:16:49.988Z", "user": 3, "content_type": 7, "object_id": "1", "object_repr": "Mobile_phone", "action_flag": 2, "change_message": "[{\"changed\": {\"fields\": [\"Category\", \"Shops\"]}}]"}}, {"model": "admin.logentry", "pk": 11, "fields": {"action_time": "2021-08-29T15:18:07.505Z", "user": 3, "content_type": 7, "object_id": "3", "object_repr": "power_tools", "action_flag": 1, "change_message": "[{\"added\": {}}]"}}, {"model": "admin.logentry", "pk": 12, "fields": {"action_time": "2021-08-29T15:19:17.606Z", "user": 3, "content_type": 10, "object_id": "1", "object_repr": "Nokia_3310", "action_flag": 1, "change_message": "[{\"added\": {}}]"}}, {"model": "admin.logentry", "pk": 13, "fields": {"action_time": "2021-08-29T15:20:04.952Z", "user": 3, "content_type": 10, "object_id": "2", "object_repr": "microwave_oven", "action_flag": 1, "change_message": "[{\"added\": {}}]"}}, {"model": "admin.logentry", "pk": 14, "fields": {"action_time": "2021-08-29T15:20:25.753Z", "user": 3, "content_type": 10, "object_id": "3", "object_repr": "screws", "action_flag": 1, "change_message": "[{\"added\": {}}]"}}, {"model": "admin.logentry", "pk": 15, "fields": {"action_time": "2021-08-29T15:22:06.334Z", "user": 3, "content_type": 9, "object_id": "1", "object_repr": "powerful", "action_flag": 1, "change_message": "[{\"added\": {}}]"}}, {"model": "admin.logentry", "pk": 16, "fields": {"action_time": "2021-08-29T15:22:27.766Z", "user": 3, "content_type": 9, "object_id": "2", "object_repr": "display_mode", "action_flag": 1, "change_message": "[{\"added\": {}}]"}}, {"model": "admin.logentry", "pk": 17, "fields": {"action_time": "2021-08-29T15:22:49.937Z", "user": 3, "content_type": 9, "object_id": "3", "object_repr": "weight", "action_flag": 1, "change_message": "[{\"added\": {}}]"}}, {"model": "admin.logentry", "pk": 18, "fields": {"action_time": "2021-08-29T15:24:12.894Z", "user": 3, "content_type": 9, "object_id": "4", "object_repr": "battery_charge", "action_flag": 1, "change_message": "[{\"added\": {}}]"}}, {"model": "admin.logentry", "pk": 19, "fields": {"action_time": "2021-08-29T15:30:35.522Z", "user": 3, "content_type": 11, "object_id": "1", "object_repr": "ProductInfo object (1)", "action_flag": 1, "change_message": "[{\"added\": {}}]"}}, {"model": "admin.logentry", "pk": 20, "fields": {"action_time": "2021-08-29T15:32:25.871Z", "user": 3, "content_type": 11, "object_id": "2", "object_repr": "ProductInfo object (2)", "action_flag": 1, "change_message": "[{\"added\": {}}]"}}, {"model": "admin.logentry", "pk": 21, "fields": {"action_time": "2021-08-29T15:33:07.118Z", "user": 3, "content_type": 13, "object_id": "1", "object_repr": "ProductParameter object (1)", "action_flag": 1, "change_message": "[{\"added\": {}}]"}}, {"model": "admin.logentry", "pk": 22, "fields": {"action_time": "2021-08-29T15:33:29.311Z", "user": 3, "content_type": 13, "object_id": "2", "object_repr": "ProductParameter object (2)", "action_flag": 1, "change_message": "[{\"added\": {}}]"}}, {"model": "admin.logentry", "pk": 23, "fields": {"action_time": "2021-08-29T15:33:54.257Z", "user": 3, "content_type": 13, "object_id": "3", "object_repr": "ProductParameter object (3)", "action_flag": 1, "change_message": "[{\"added\": {}}]"}}, {"model": "admin.logentry", "pk": 24, "fields": {"action_time": "2021-08-29T15:34:10.607Z", "user": 3, "content_type": 13, "object_id": "4", "object_repr": "ProductParameter object (4)", "action_flag": 1, "change_message": "[{\"added\": {}}]"}}, {"model": "admin.logentry", "pk": 25, "fields": {"action_time": "2021-08-29T15:43:23.447Z", "user": 3, "content_type": 15, "object_id": "1", "object_repr": "Contact object (1)", "action_flag": 1, "change_message": "[{\"added\": {}}]"}}, {"model": "admin.logentry", "pk": 26, "fields": {"action_time": "2021-08-29T15:46:32.585Z", "user": 3, "content_type": 15, "object_id": "2", "object_repr": "Contact object (2)", "action_flag": 1, "change_message": "[{\"added\": {}}]"}}, {"model": "admin.logentry", "pk": 27, "fields": {"action_time": "2021-08-29T16:16:01.222Z", "user": 3, "content_type": 8, "object_id": "8", "object_repr": "2021-08-29 16:16:01.212169+00:00", "action_flag": 1, "change_message": "[{\"added\": {}}]"}}, {"model": "admin.logentry", "pk": 28, "fields": {"action_time": "2021-08-29T16:18:11.649Z", "user": 3, "content_type": 8, "object_id": "9", "object_repr": "str(2021-08-29 16:18:11.649810+00:00) from sombody@email.com", "action_flag": 1, "change_message": "[{\"added\": {}}]"}}, {"model": "admin.logentry", "pk": 29, "fields": {"action_time": "2021-08-29T16:19:24.006Z", "user": 3, "content_type": 14, "object_id": "1", "object_repr": "OrderItem object (1)", "action_flag": 1, "change_message": "[{\"added\": {}}]"}}, {"model": "admin.logentry", "pk": 30, "fields": {"action_time": "2021-08-29T16:19:36.748Z", "user": 3, "content_type": 14, "object_id": "2", "object_repr": "OrderItem object (2)", "action_flag": 1, "change_message": "[{\"added\": {}}]"}}, {"model": "admin.logentry", "pk": 31, "fields": {"action_time": "2021-08-29T16:19:55.472Z", "user": 3, "content_type": 14, "object_id": "3", "object_repr": "OrderItem object (3)", "action_flag": 1, "change_message": "[{\"added\": {}}]"}}, {"model": "admin.logentry", "pk": 32, "fields": {"action_time": "2021-08-29T16:22:11.388Z", "user": 3, "content_type": 8, "object_id": "8", "object_repr": "2021-08-29 16:16:01.212169+00:00 from a.khatway@email.com", "action_flag": 2, "change_message": "[{\"changed\": {\"fields\": [\"Order_state\"]}}]"}}, {"model": "admin.logentry", "pk": 33, "fields": {"action_time": "2021-08-29T16:31:18.729Z", "user": 3, "content_type": 6, "object_id": "7", "object_repr": "neo@matrix.com", "action_flag": 1, "change_message": "[{\"added\": {}}]"}}, {"model": "admin.logentry", "pk": 34, "fields": {"action_time": "2021-08-31T19:10:14.631Z", "user": 3, "content_type": 18, "object_id": "5", "object_repr": "09d71a7cc1bcf4329ad0a6b3842895e98e4b3281", "action_flag": 1, "change_message": "[{\"added\": {}}]"}}, {"model": "admin.logentry", "pk": 35, "fields": {"action_time": "2021-09-09T19:42:13.510Z", "user": 3, "content_type": 8, "object_id": "10", "object_repr": "2021-09-09 19:42:13.359944+00:00 from testuser@email.com", "action_flag": 1, "change_message": "[{\"added\": {}}]"}}, {"model": "admin.logentry", "pk": 36, "fields": {"action_time": "2021-09-09T19:42:47.731Z", "user": 3, "content_type": 14, "object_id": "4", "object_repr": "OrderItem object (4)", "action_flag": 1, "change_message": "[{\"added\": {}}]"}}, {"model": "admin.logentry", "pk": 37, "fields": {"action_time": "2021-09-09T19:49:04.231Z", "user": 3, "content_type": 15, "object_id": "3", "object_repr": "Contact object (3)", "action_flag": 1, "change_message": "[{\"added\": {}}]"}}, {"model": "admin.logentry", "pk": 38, "fields": {"action_time": "2021-09-09T19:52:17.395Z", "user": 3, "content_type": 18, "object_id": "8", "object_repr": "31a9dee4426ca6864e419059e4a95d44db4e40f8", "action_flag": 1, "change_message": "[{\"added\": {}}]"}}, {"model": "admin.logentry", "pk": 39, "fields": {"action_time": "2021-09-09T19:54:28.245Z", "user": 3, "content_type": 6, "object_id": "8", "object_repr": "testuser@email.com", "action_flag": 2, "change_message": "[{\"changed\": {\"fields\": [\"Active\"]}}]"}}, {"model": "admin.logentry", "pk": 40, "fields": {"action_time": "2021-09-09T20:54:02.698Z", "user": 3, "content_type": 18, "object_id": "4", "object_repr": "898f636052c378f65503dddf644b97e7e5346730", "action_flag": 1, "change_message": "[{\"added\": {}}]"}}, {"model": "admin.logentry", "pk": 41, "fields": {"action_time": "2021-09-09T21:03:45.717Z", "user": 3, "content_type": 8, "object_id": "11", "object_repr": "2021-09-09 21:03:45.717018+00:00 from smith@email.com", "action_flag": 1, "change_message": "[{\"added\": {}}]"}}, {"model": "admin.logentry", "pk": 42, "fields": {"action_time": "2021-09-10T19:34:15.005Z", "user": 3, "content_type": 18, "object_id": "6", "object_repr": "f6cdccb94ead48da795e490502bff12a1dd9d5dd", "action_flag": 1, "change_message": "[{\"added\": {}}]"}}, {"model": "auth.permission", "pk": 1, "fields": {"name": "Can add log entry", "content_type": 1, "codename": "add_logentry"}}, {"model": "auth.permission", "pk": 2, "fields": {"name": "Can change log entry", "content_type": 1, "codename": "change_logentry"}}, {"model": "auth.permission", "pk": 3, "fields": {"name": "Can delete log entry", "content_type": 1, "codename": "delete_logentry"}}, {"model": "auth.permission", "pk": 4, "fields": {"name": "Can view log entry", "content_type": 1, "codename": "view_logentry"}}, {"model": "auth.permission", "pk": 5, "fields": {"name": "Can add permission", "content_type": 2, "codename": "add_permission"}}, {"model": "auth.permission", "pk": 6, "fields": {"name": "Can change permission", "content_type": 2, "codename": "change_permission"}}, {"model": "auth.permission", "pk": 7, "fields": {"name": "Can delete permission", "content_type": 2, "codename": "delete_permission"}}, {"model": "auth.permission", "pk": 8, "fields": {"name": "Can view permission", "content_type": 2, "codename": "view_permission"}}, {"model": "auth.permission", "pk": 9, "fields": {"name": "Can add group", "content_type": 3, "codename": "add_group"}}, {"model": "auth.permission", "pk": 10, "fields": {"name": "Can change group", "content_type": 3, "codename": "change_group"}}, {"model": "auth.permission", "pk": 11, "fields": {"name": "Can delete group", "content_type": 3, "codename": "delete_group"}}, {"model": "auth.permission", "pk": 12, "fields": {"name": "Can view group", "content_type": 3, "codename": "view_group"}}, {"model": "auth.permission", "pk": 13, "fields": {"name": "Can add content type", "content_type": 4, "codename": "add_contenttype"}}, {"model": "auth.permission", "pk": 14, "fields": {"name": "Can change content type", "content_type": 4, "codename": "change_contenttype"}}, {"model": "auth.permission", "pk": 15, "fields": {"name": "Can delete content type", "content_type": 4, "codename": "delete_contenttype"}}, {"model": "auth.permission", "pk": 16, "fields": {"name": "Can view content type", "content_type": 4, "codename": "view_contenttype"}}, {"model": "auth.permission", "pk": 17, "fields": {"name": "Can add session", "content_type": 5, "codename": "add_session"}}, {"model": "auth.permission", "pk": 18, "fields": {"name": "Can change session", "content_type": 5, "codename": "change_session"}}, {"model": "auth.permission", "pk": 19, "fields": {"name": "Can delete session", "content_type": 5, "codename": "delete_session"}}, {"model": "auth.permission", "pk": 20, "fields": {"name": "Can view session", "content_type": 5, "codename": "view_session"}}, {"model": "auth.permission", "pk": 21, "fields": {"name": "Can add User", "content_type": 6, "codename": "add_user"}}, {"model": "auth.permission", "pk": 22, "fields": {"name": "Can change User", "content_type": 6, "codename": "change_user"}}, {"model": "auth.permission", "pk": 23, "fields": {"name": "Can delete User", "content_type": 6, "codename": "delete_user"}}, {"model": "auth.permission", "pk": 24, "fields": {"name": "Can view User", "content_type": 6, "codename": "view_user"}}, {"model": "auth.permission", "pk": 25, "fields": {"name": "Can add category", "content_type": 7, "codename": "add_category"}}, {"model": "auth.permission", "pk": 26, "fields": {"name": "Can change category", "content_type": 7, "codename": "change_category"}}, {"model": "auth.permission", "pk": 27, "fields": {"name": "Can delete category", "content_type": 7, "codename": "delete_category"}}, {"model": "auth.permission", "pk": 28, "fields": {"name": "Can view category", "content_type": 7, "codename": "view_category"}}, {"model": "auth.permission", "pk": 29, "fields": {"name": "Can add order", "content_type": 8, "codename": "add_order"}}, {"model": "auth.permission", "pk": 30, "fields": {"name": "Can change order", "content_type": 8, "codename": "change_order"}}, {"model": "auth.permission", "pk": 31, "fields": {"name": "Can delete order", "content_type": 8, "codename": "delete_order"}}, {"model": "auth.permission", "pk": 32, "fields": {"name": "Can view order", "content_type": 8, "codename": "view_order"}}, {"model": "auth.permission", "pk": 33, "fields": {"name": "Can add product parameter name", "content_type": 9, "codename": "add_parameter"}}, {"model": "auth.permission", "pk": 34, "fields": {"name": "Can change product parameter name", "content_type": 9, "codename": "change_parameter"}}, {"model": "auth.permission", "pk": 35, "fields": {"name": "Can delete product parameter name", "content_type": 9, "codename": "delete_parameter"}}, {"model": "auth.permission", "pk": 36, "fields": {"name": "Can view product parameter name", "content_type": 9, "codename": "view_parameter"}}, {"model": "auth.permission", "pk": 37, "fields": {"name": "Can add Product", "content_type": 10, "codename": "add_product"}}, {"model": "auth.permission", "pk": 38, "fields": {"name": "Can change Product", "content_type": 10, "codename": "change_product"}}, {"model": "auth.permission", "pk": 39, "fields": {"name": "Can delete Product", "content_type": 10, "codename": "delete_product"}}, {"model": "auth.permission", "pk": 40, "fields": {"name": "Can view Product", "content_type": 10, "codename": "view_product"}}, {"model": "auth.permission", "pk": 41, "fields": {"name": "Can add product detail", "content_type": 11, "codename": "add_productinfo"}}, {"model": "auth.permission", "pk": 42, "fields": {"name": "Can change product detail", "content_type": 11, "codename": "change_productinfo"}}, {"model": "auth.permission", "pk": 43, "fields": {"name": "Can delete product detail", "content_type": 11, "codename": "delete_productinfo"}}, {"model": "auth.permission", "pk": 44, "fields": {"name": "Can view product detail", "content_type": 11, "codename": "view_productinfo"}}, {"model": "auth.permission", "pk": 45, "fields": {"name": "Can add Shop", "content_type": 12, "codename": "add_shop"}}, {"model": "auth.permission", "pk": 46, "fields": {"name": "Can change Shop", "content_type": 12, "codename": "change_shop"}}, {"model": "auth.permission", "pk": 47, "fields": {"name": "Can delete Shop", "content_type": 12, "codename": "delete_shop"}}, {"model": "auth.permission", "pk": 48, "fields": {"name": "Can view Shop", "content_type": 12, "codename": "view_shop"}}, {"model": "auth.permission", "pk": 49, "fields": {"name": "Can add product parameter value", "content_type": 13, "codename": "add_productparameter"}}, {"model": "auth.permission", "pk": 50, "fields": {"name": "Can change product parameter value", "content_type": 13, "codename": "change_productparameter"}}, {"model": "auth.permission", "pk": 51, "fields": {"name": "Can delete product parameter value", "content_type": 13, "codename": "delete_productparameter"}}, {"model": "auth.permission", "pk": 52, "fields": {"name": "Can view product parameter value", "content_type": 13, "codename": "view_productparameter"}}, {"model": "auth.permission", "pk": 53, "fields": {"name": "Can add order detail", "content_type": 14, "codename": "add_orderitem"}}, {"model": "auth.permission", "pk": 54, "fields": {"name": "Can change order detail", "content_type": 14, "codename": "change_orderitem"}}, {"model": "auth.permission", "pk": 55, "fields": {"name": "Can delete order detail", "content_type": 14, "codename": "delete_orderitem"}}, {"model": "auth.permission", "pk": 56, "fields": {"name": "Can view order detail", "content_type": 14, "codename": "view_orderitem"}}, {"model": "auth.permission", "pk": 57, "fields": {"name": "Can add contact", "content_type": 15, "codename": "add_contact"}}, {"model": "auth.permission", "pk": 58, "fields": {"name": "Can change contact", "content_type": 15, "codename": "change_contact"}}, {"model": "auth.permission", "pk": 59, "fields": {"name": "Can delete contact", "content_type": 15, "codename": "delete_contact"}}, {"model": "auth.permission", "pk": 60, "fields": {"name": "Can view contact", "content_type": 15, "codename": "view_contact"}}, {"model": "auth.permission", "pk": 61, "fields": {"name": "Can add Confirm Email Token", "content_type": 16, "codename": "add_confirmemailtoken"}}, {"model": "auth.permission", "pk": 62, "fields": {"name": "Can change Confirm Email Token", "content_type": 16, "codename": "change_confirmemailtoken"}}, {"model": "auth.permission", "pk": 63, "fields": {"name": "Can delete Confirm Email Token", "content_type": 16, "codename": "delete_confirmemailtoken"}}, {"model": "auth.permission", "pk": 64, "fields": {"name": "Can view Confirm Email Token", "content_type": 16, "codename": "view_confirmemailtoken"}}, {"model": "auth.permission", "pk": 65, "fields": {"name": "Can add Token", "content_type": 17, "codename": "add_token"}}, {"model": "auth.permission", "pk": 66, "fields": {"name": "Can change Token", "content_type": 17, "codename": "change_token"}}, {"model": "auth.permission", "pk": 67, "fields": {"name": "Can delete Token", "content_type": 17, "codename": "delete_token"}}, {"model": "auth.permission", "pk": 68, "fields": {"name": "Can view Token", "content_type": 17, "codename": "view_token"}}, {"model": "auth.permission", "pk": 69, "fields": {"name": "Can add token", "content_type": 18, "codename": "add_tokenproxy"}}, {"model": "auth.permission", "pk": 70, "fields": {"name": "Can change token", "content_type": 18, "codename": "change_tokenproxy"}}, {"model": "auth.permission", "pk": 71, "fields": {"name": "Can delete token", "content_type": 18, "codename": "delete_tokenproxy"}}, {"model": "auth.permission", "pk": 72, "fields": {"name": "Can view token", "content_type": 18, "codename": "view_tokenproxy"}}, {"model": "auth.permission", "pk": 73, "fields": {"name": "Can add Password Reset Token", "content_type": 19, "codename": "add_resetpasswordtoken"}}, {"model": "auth.permission", "pk": 74, "fields": {"name": "Can change Password Reset Token", "content_type": 19, "codename": "change_resetpasswordtoken"}}, {"model": "auth.permission", "pk": 75, "fields": {"name": "Can delete Password Reset Token", "content_type": 19, "codename": "delete_resetpasswordtoken"}}, {"model": "auth.permission", "pk": 76, "fields": {"name": "Can view Password Reset Token", "content_type": 19, "codename": "view_resetpasswordtoken"}}, {"model": "contenttypes.contenttype", "pk": 1, "fields": {"app_label": "admin", "model": "logentry"}}, {"model": "contenttypes.contenttype", "pk": 2, "fields": {"app_label": "auth", "model": "permission"}}, {"model": "contenttypes.contenttype", "pk": 3, "fields": {"app_label": "auth", "model": "group"}}, {"model": "contenttypes.contenttype", "pk": 4, "fields": {"app_label": "contenttypes", "model": "contenttype"}}, {"model": "contenttypes.contenttype", "pk": 5, "fields": {"app_label": "sessions", "model": "session"}}, {"model": "contenttypes.contenttype", "pk": 6, "fields": {"app_label": "orders", "model": "user"}}, {"model": "contenttypes.contenttype", "pk": 7, "fields": {"app_label": "orders", "model": "category"}}, {"model": "contenttypes.contenttype", "pk": 8, "fields": {"app_label": "orders", "model": "order"}}, {"model": "contenttypes.contenttype", "pk": 9, "fields": {"app_label": "orders", "model": "parameter"}}, {"model": "contenttypes.contenttype", "pk": 10, "fields": {"app_label": "orders", "model": "product"}}, {"model": "contenttypes.contenttype", "pk": 11, "fields": {"app_label": "orders", "model": "productinfo"}}, {"model": "contenttypes.contenttype", "pk": 12, "fields": {"app_label": "orders", "model": "shop"}}, {"model": "contenttypes.contenttype", "pk": 13, "fields": {"app_label": "orders", "model": "productparameter"}}, {"model": "contenttypes.contenttype", "pk": 14, "fields": {"app_label": "orders", "model": "orderitem"}}, {"model": "contenttypes.contenttype", "pk": 15, "fields": {"app_label": "orders", "model": "contact"}}, {"model": "contenttypes.contenttype", "pk": 16, "fields": {"app_label": "orders", "model": "confirmemailtoken"}}, {"model": "contenttypes.contenttype", "pk": 17, "fields": {"app_label": "authtoken", "model": "token"}}, {"model": "contenttypes.contenttype", "pk": 18, "fields": {"app_label": "authtoken", "model": "tokenproxy"}}, {"model": "contenttypes.contenttype", "pk": 19, "fields": {"app_label": "django_rest_passwordreset", "model": "resetpasswordtoken"}}, {"model": "sessions.session", "pk": "jonzh4brfpyvtn8xqimu674atzx86xvb", "fields": {"session_data": ".eJxVjDsOwjAQBe_iGln-xR9Kes5grddrHECOFCcV4u5gKQW0b2bei0XYtxr3TmucMzszzU6_WwJ8UBsg36HdFo5L29Y58aHwg3Z-XTI9L4f7d1Ch11FjQUWpBC0tZCOkds5miSScCZORBoR0SnmwaMH68oU-mElpKVA5cuz9AeEDNxQ:1mOPvO:uk5PVAWBJdx5aGQXaVyNAlkX1J4X1KBx1Z3hk0kpq2w", "expire_date": "2021-09-23T19:41:30.398Z"}}, {"model": "orders.user", "pk": 3, "fields": {"password": "pbkdf2_sha256$260000$iSycjKzzDDO2sTMsDtV0C1$dMnZ2j7l28pdVWKLzYyo0RORb7ba8ze9ck5G62rbW6k=", "last_login": "2021-09-09T19:41:30.398Z", "is_superuser": true, "first_name": "", "last_name": "", "is_staff": true, "date_joined": "2021-08-29T15:03:40.415Z", "email": "user@test.com", "username": "user", "is_active": true, "user_type": "BUYER", "groups": [], "user_permissions": []}}, {"model": "orders.user", "pk": 4, "fields": {"password": "admin", "last_login": "2021-08-29T15:08:27Z", "is_superuser": false, "first_name": "Jonh", "last_name": "Smith", "is_staff": true, "date_joined": "2021-08-29T15:08:15Z", "email": "smith@email.com", "username": "admin_smith_jonh", "is_active": true, "user_type": "SHOP_MANAGER", "groups": [], "user_permissions": []}}, {"model": "orders.user", "pk": 5, "fields": {"password": "password", "last_login": "2021-08-29T15:10:13Z", "is_superuser": false, "first_name": "Ann", "last_name": "Khatway", "is_staff": true, "date_joined": "2021-08-29T15:10:04Z", "email": "a.khatway@email.com", "username": "Ann_K", "is_active": true, "user_type": "BUYER", "groups": [], "user_permissions": []}}, {"model": "orders.user", "pk": 6, "fields": {"password": "password", "last_login": "2021-08-29T15:12:24Z", "is_superuser": false, "first_name": "Some", "last_name": "Body", "is_staff": true, "date_joined": "2021-08-29T15:12:14Z", "email": "sombody@email.com", "username": "SomeBody", "is_active": true, "user_type": "BUYER", "groups": [], "user_permissions": []}}, {"model": "orders.user", "pk": 7, "fields": {"password": "password", "last_login": "2021-08-29T16:29:32Z", "is_superuser": true, "first_name": "Neo", "last_name": "Anderson", "is_staff": true, "date_joined": "2021-08-29T16:28:58Z", "email": "neo@matrix.com", "username": "NEO", "is_active": true, "user_type": "SHOP_MANAGER", "groups": [], "user_permissions": []}}, {"model": "orders.user", "pk": 8, "fields": {"password": "pbkdf2_sha256$260000$5xiUcv6pGI2lutQBRoFNq2$BKAducTJRuDHfnw+1VerT/IWDqrnhdNM54OlHeXiURY=", "last_login": null, "is_superuser": false, "first_name": "", "last_name": "", "is_staff": false, "date_joined": "2021-09-09T19:40:44Z", "email": "testuser@email.com", "username": null, "is_active": true, "user_type": "BUYER", "groups": [], "user_permissions": []}}, {"model": "orders.shop", "pk": 1, "fields": {"name": "Citilink", "url": "http://citilink.ru", "manager": 3}}, {"model": "orders.shop", "pk": 2, "fields": {"name": "tehnosila", "url": "http://tehnosila.ru", "manager": 4}}, {"model": "orders.category", "pk": 1, "fields": {"name": "Mobile_phone", "shops": [1, 2]}}, {"model": "orders.category", "pk": 2, "fields": {"name": "Kitchen_technics", "shops": [1, 2]}}, {"model": "orders.category", "pk": 3, "fields": {"name": "power_tools", "shops": [2]}}, {"model": "orders.category", "pk": 4, "fields": {"name": "books", "shops": []}}, {"model": "orders.product", "pk": 1, "fields": {"category": 1, "name": "Nokia_3310"}}, {"model": "orders.product", "pk": 2, "fields": {"category": 2, "name": "microwave_oven"}}, {"model": "orders.product", "pk": 3, "fields": {"category": 3, "name": "screws"}}, {"model": "orders.product", "pk": 10, "fields": {"category": 4, "name": "ORM for beginners"}}, {"model": "orders.productinfo", "pk": 1, "fields": {"product": 3, "shop": 2, "quantity": 3, "description": "Electric screwdriver for construction work by hands. Wireless.", "price": "6500.00", "price_retail": "7999.00"}}, {"model": "orders.productinfo", "pk": 2, "fields": {"product": 1, "shop": 1, "quantity": 1, "description": "The last cell phone of its kind. Antique model", "price": "4500.00", "price_retail": "7800.00"}}, {"model": "orders.productinfo", "pk": 3, "fields": {"product": 10, "shop": 2, "quantity": 98, "description": "ORM for beginners. Useless tutorial.", "price": "10.00", "price_retail": "99.99"}}, {"model": "orders.parameter", "pk": 1, "fields": {"parameter": "powerful"}}, {"model": "orders.parameter", "pk": 2, "fields": {"parameter": "display_mode"}}, {"model": "orders.parameter", "pk": 3, "fields": {"parameter": "weight"}}, {"model": "orders.parameter", "pk": 4, "fields": {"parameter": "battery_charge"}}, {"model": "orders.productparameter", "pk": 1, "fields": {"product_info": 1, "parameter": 1, "value": "800W"}}, {"model": "orders.productparameter", "pk": 2, "fields": {"product_info": 2, "parameter": 4, "value": "850mA"}}, {"model": "orders.productparameter", "pk": 3, "fields": {"product_info": 2, "parameter": 2, "value": "TFT"}}, {"model": "orders.productparameter", "pk": 4, "fields": {"product_info": 1, "parameter": 3, "value": "1200g"}}, {"model": "orders.order", "pk": 8, "fields": {"created_at": "2021-08-29T16:16:01.212Z", "updated_at": "2021-08-29T16:22:11.380Z", "user": 5, "date": "2021-08-29T16:16:01.212Z", "order_state": "IN_PROGRESS", "contact": null}}, {"model": "orders.order", "pk": 9, "fields": {"created_at": "2021-08-29T16:18:11.649Z", "updated_at": "2021-08-29T16:18:11.649Z", "user": 6, "date": "2021-08-29T16:18:11.649Z", "order_state": "NEW", "contact": null}}, {"model": "orders.order", "pk": 10, "fields": {"created_at": "2021-09-09T19:42:13.359Z", "updated_at": "2021-09-09T19:42:13.359Z", "user": 8, "date": "2021-09-09T19:42:13.359Z", "order_state": "NEW", "contact": null}}, {"model": "orders.order", "pk": 11, "fields": {"created_at": "2021-09-09T21:03:45.717Z", "updated_at": "2021-09-09T21:03:45.717Z", "user": 4, "date": "2021-09-09T21:03:45.717Z", "order_state": "DELIVERED", "contact": null}}, {"model": "orders.order", "pk": 12, "fields": {"created_at": "2021-09-12T12:39:12.615Z", "updated_at": "2021-09-12T12:39:12.615Z", "user": 4, "date": "2021-09-12T12:39:12.615Z", "order_state": "NEW", "contact": null}}, {"model": "orders.orderitem", "pk": 1, "fields": {"order": 9, "product": 3, "shop": 2, "quantity": 1, "product_info": 1}}, {"model": "orders.orderitem", "pk": 2, "fields": {"order": 8, "product": 2, "shop": 2, "quantity": 1, "product_info": 1}}, {"model": "orders.orderitem", "pk": 3, "fields": {"order": 8, "product": 1, "shop": 1, "quantity": 1, "product_info": 1}}, {"model": "orders.orderitem", "pk": 4, "fields": {"order": 10, "product": 1, "shop": 1, "quantity": 3, "product_info": 1}}, {"model": "orders.orderitem", "pk": 5, "fields": {"order": 8, "product": 10, "shop": 2, "quantity": 2, "product_info": 3}}, {"model": "orders.contact", "pk": 1, "fields": {"user": 6, "country": "Ecuador", "city": "Kito", "street": "Banana_street", "house": 7, "structure": "2", "building": "", "apartment": "11", "phone": "+593-2-987-65-43"}}, {"model": "orders.contact", "pk": 2, "fields": {"user": 5, "country": "USA", "city": "Brooklyn", "street": "Main_street", "house": 11, "structure": "A", "building": "2", "apartment": "241", "phone": "+1-860-987-654-32-10"}}, {"model": "orders.contact", "pk": 3, "fields": {"user": 8, "country": "Belarus", "city": "Gatchina", "street": "Lenina", "house": 2, "structure": "1", "building": "", "apartment": "10", "phone": "+7-902-765-43-21"}}, {"model": "authtoken.token", "pk": "09d71a7cc1bcf4329ad0a6b3842895e98e4b3281", "fields": {"user": 5, "created": "2021-08-31T19:10:14.631Z"}}, {"model": "authtoken.token", "pk": "31a9dee4426ca6864e419059e4a95d44db4e40f8", "fields": {"user": 8, "created": "2021-09-09T19:52:17.395Z"}}, {"model": "authtoken.token", "pk": "898f636052c378f65503dddf644b97e7e5346730", "fields": {"user": 4, "created": "2021-09-09T20:54:02.698Z"}}, {"model": "authtoken.token", "pk": "f6cdccb94ead48da795e490502bff12a1dd9d5dd", "fields": {"user": 6, "created": "2021-09-10T19:34:14.989Z"}}]